marry,accountsservice,0.6.35-0ubuntu7.1
marry,acl,2.2.52-1
marry,acpid,1:2.0.21-1ubuntu2
marry,adduser,3.113+nmu3ubuntu3
marry,ant,1.9.3-2build1
marry,ant-optional,1.9.3-2build1
marry,apparmor,2.8.95~2430-0ubuntu5
marry,apport,2.14.1-0ubuntu3.5
marry,apport-symptoms,0.20
marry,apt,1.0.1ubuntu2.4.1
marry,apt-transport-https,1.0.1ubuntu2.4.1
marry,apt-utils,1.0.1ubuntu2.4.1
marry,apt-xapian-index,0.45ubuntu4
marry,aptitude,0.6.8.2-1ubuntu4
marry,aptitude-common,0.6.8.2-1ubuntu4
marry,aspectj,1.6.12+dfsg-3
marry,at,3.1.14-1ubuntu1
marry,at-spi2-core,2.10.2.is.2.10.1-0ubuntu1
marry,augeas-lenses,1.2.0-0ubuntu1.1
marry,autoconf,2.69-6
marry,autogen,1:5.18-2ubuntu2
marry,automake,1:1.14.1-2ubuntu1
marry,autotools-dev,20130810.1
marry,base-files,7.2ubuntu5.1
marry,base-passwd,3.5.33
marry,bash,4.3-7ubuntu1.4
marry,bash-completion,1:2.1-4
marry,bc,1.06.95-8ubuntu1
marry,bind9-host,1:9.9.5.dfsg-3
marry,binutils,2.24-5ubuntu3
marry,bsdmainutils,9.0.5ubuntu1
marry,bsdutils,1:2.20.1-5.1ubuntu20.2
marry,bsh,2.0b4-15
marry,build-essential,11.6ubuntu6
marry,busybox-initramfs,1:1.21.0-1ubuntu1
marry,busybox-static,1:1.21.0-1ubuntu1
marry,byobu,5.77-0ubuntu1.2
marry,bzip2,1.0.6-5
marry,ca-certificates,20130906ubuntu2
marry,ca-certificates-java,20130815ubuntu1
marry,cassandra,2.1.0-2
marry,chef,11.8.2-2
marry,chef-zero,2.0.1-1
marry,cloud-guest-utils,0.27-0ubuntu9
marry,cloud-init,0.7.5-0ubuntu1.2
marry,colord,1.0.6-1
marry,command-not-found,0.3ubuntu12
marry,command-not-found-data,0.3ubuntu12
marry,console-setup,1.70ubuntu8
marry,coreutils,8.21-1ubuntu5
marry,cpio,2.11+dfsg-1ubuntu1
marry,cpp,4:4.8.2-1ubuntu6
marry,cpp-4.8,4.8.2-19ubuntu1
marry,cron,3.0pl1-124ubuntu2
marry,cryptsetup,2:1.6.1-1ubuntu1
marry,cryptsetup-bin,2:1.6.1-1ubuntu1
marry,curl,7.35.0-1ubuntu2.1
marry,dash,0.5.7-4ubuntu1
marry,dbus,1.6.18-0ubuntu4.2
marry,dbus-x11,1.6.18-0ubuntu4.2
marry,dconf-gsettings-backend,0.20.0-1
marry,dconf-service,0.20.0-1
marry,debconf,1.5.51ubuntu2
marry,debconf-i18n,1.5.51ubuntu2
marry,debconf-utils,1.5.51ubuntu2
marry,debianutils,4.4
marry,default-jre,2:1.7-51
marry,default-jre-headless,2:1.7-51
marry,desktop-file-utils,0.22-1ubuntu1
marry,dh-python,1.20140128-1ubuntu8
marry,diffutils,1:3.3-1
marry,distro-info,0.12
marry,distro-info-data,0.18ubuntu0.1
marry,dkms,2.2.0.3-1.1ubuntu5
marry,dmidecode,2.12-2
marry,dmsetup,2:1.02.77-6ubuntu2
marry,dnsutils,1:9.9.5.dfsg-3
marry,dosfstools,3.0.26-1
marry,dpkg,1.17.5ubuntu5.3
marry,dpkg-dev,1.17.5ubuntu5.3
marry,dsc21,2.1.0-1
marry,e2fslibs,1.42.9-3ubuntu1
marry,e2fsprogs,1.42.9-3ubuntu1
marry,eatmydata,26-2
marry,ed,1.9-2
marry,eject,2.1.5+deb1+cvs20081104-13.1
marry,erlang-asn1,1:16.b.3-dfsg-1ubuntu2.1
marry,erlang-base,1:16.b.3-dfsg-1ubuntu2.1
marry,erlang-corba,1:16.b.3-dfsg-1ubuntu2.1
marry,erlang-crypto,1:16.b.3-dfsg-1ubuntu2.1
marry,erlang-dev,1:16.b.3-dfsg-1ubuntu2.1
marry,erlang-diameter,1:16.b.3-dfsg-1ubuntu2.1
marry,erlang-edoc,1:16.b.3-dfsg-1ubuntu2.1
marry,erlang-eldap,1:16.b.3-dfsg-1ubuntu2.1
marry,erlang-erl-docgen,1:16.b.3-dfsg-1ubuntu2.1
marry,erlang-eunit,1:16.b.3-dfsg-1ubuntu2.1
marry,erlang-ic,1:16.b.3-dfsg-1ubuntu2.1
marry,erlang-inets,1:16.b.3-dfsg-1ubuntu2.1
marry,erlang-mnesia,1:16.b.3-dfsg-1ubuntu2.1
marry,erlang-nox,1:16.b.3-dfsg-1ubuntu2.1
marry,erlang-odbc,1:16.b.3-dfsg-1ubuntu2.1
marry,erlang-os-mon,1:16.b.3-dfsg-1ubuntu2.1
marry,erlang-parsetools,1:16.b.3-dfsg-1ubuntu2.1
marry,erlang-percept,1:16.b.3-dfsg-1ubuntu2.1
marry,erlang-public-key,1:16.b.3-dfsg-1ubuntu2.1
marry,erlang-runtime-tools,1:16.b.3-dfsg-1ubuntu2.1
marry,erlang-snmp,1:16.b.3-dfsg-1ubuntu2.1
marry,erlang-ssh,1:16.b.3-dfsg-1ubuntu2.1
marry,erlang-ssl,1:16.b.3-dfsg-1ubuntu2.1
marry,erlang-syntax-tools,1:16.b.3-dfsg-1ubuntu2.1
marry,erlang-tools,1:16.b.3-dfsg-1ubuntu2.1
marry,erlang-webtool,1:16.b.3-dfsg-1ubuntu2.1
marry,erlang-xmerl,1:16.b.3-dfsg-1ubuntu2.1
marry,erubis,2.7.0-2
marry,ethtool,1:3.13-1
marry,facter,1.7.5-1ubuntu1
marry,fakeroot,1.20-3ubuntu2
marry,fgetty,0.6-5build1
marry,file,1:5.14-2ubuntu3.2
marry,findutils,4.4.2-7
marry,fontconfig,2.11.0-0ubuntu4.1
marry,fontconfig-config,2.11.0-0ubuntu4.1
marry,fonts-dejavu-core,2.34-1ubuntu1
marry,fonts-dejavu-extra,2.34-1ubuntu1
marry,fonts-ubuntu-font-family-console,0.80-0ubuntu6
marry,fop,1:1.1.dfsg-2ubuntu1
marry,friendly-recovery,0.2.25
marry,ftp,0.17-28
marry,fuse,2.9.2-4ubuntu4
marry,g++,4:4.8.2-1ubuntu6
marry,g++-4.8,4.8.2-19ubuntu1
marry,gawk,1:4.0.1+dfsg-2.1ubuntu2
marry,gcc,4:4.8.2-1ubuntu6
marry,gcc-4.8,4.8.2-19ubuntu1
marry,gcc-4.8-base,4.8.2-19ubuntu1
marry,gcc-4.9-base,4.9.1-0ubuntu1
marry,gconf-service,3.2.6-0ubuntu2
marry,gconf-service-backend,3.2.6-0ubuntu2
marry,gconf2,3.2.6-0ubuntu2
marry,gconf2-common,3.2.6-0ubuntu2
marry,gdisk,0.8.8-1build1
marry,geoip-database,20140313-1
marry,gettext-base,0.18.3.1-1ubuntu3
marry,gir1.2-glib-2.0,1.40.0-1ubuntu0.2
marry,git,1:1.9.1-1
marry,git-man,1:1.9.1-1
marry,gnupg,1.4.16-1ubuntu2.1
marry,gpgv,1.4.16-1ubuntu2.1
marry,grep,2.16-1
marry,groff-base,1.22.2-5
marry,grub-common,2.02~beta2-9ubuntu1
marry,grub-gfxpayload-lists,0.6
marry,grub-pc,2.02~beta2-9ubuntu1
marry,grub-pc-bin,2.02~beta2-9ubuntu1
marry,grub2-common,2.02~beta2-9ubuntu1
marry,guile-2.0-libs,2.0.9+1-1ubuntu1
marry,gvfs,1.20.1-1ubuntu1
marry,gvfs-common,1.20.1-1ubuntu1
marry,gvfs-daemons,1.20.1-1ubuntu1
marry,gvfs-libs,1.20.1-1ubuntu1
marry,gzip,1.6-3ubuntu1
marry,hdparm,9.43-1ubuntu3
marry,hicolor-icon-theme,0.13-1
marry,hostname,3.15ubuntu1
marry,ifupdown,0.7.47.2ubuntu4.1
marry,info,5.2.0.dfsg.1-2
marry,init-system-helpers,1.14
marry,initramfs-tools,0.103ubuntu4.2
marry,initramfs-tools-bin,0.103ubuntu4.2
marry,initscripts,2.88dsf-41ubuntu6
marry,insserv,1.14.0-5ubuntu2
marry,install-info,5.2.0.dfsg.1-2
marry,iproute2,3.12.0-2
marry,iptables,1.4.21-1ubuntu1
marry,iputils-ping,3:20121221-4ubuntu1.1
marry,iputils-tracepath,3:20121221-4ubuntu1.1
marry,irqbalance,1.0.6-2ubuntu0.14.04.1
marry,isc-dhcp-client,4.2.4-7ubuntu12
marry,isc-dhcp-common,4.2.4-7ubuntu12
marry,iso-codes,3.52-1
marry,java-common,0.51
marry,java-wrappers,0.1.27
marry,juju,1.18.4+dfsg-0ubuntu0.14.04.1
marry,juju-core,1.18.4+dfsg-0ubuntu0.14.04.1
marry,junit,3.8.2-8build1
marry,junit4,4.11-2
marry,kbd,1.15.5-1ubuntu1
marry,keyboard-configuration,1.70ubuntu8
marry,klibc-utils,2.0.3-0ubuntu1
marry,kmod,15-0ubuntu6
marry,krb5-locales,1.12+dfsg-2ubuntu4.2
marry,landscape-client,14.01-0ubuntu3
marry,landscape-common,14.01-0ubuntu3
marry,language-selector-common,0.129.3
marry,laptop-detect,0.13.7ubuntu2
marry,less,458-2
marry,libaccountsservice0,0.6.35-0ubuntu7.1
marry,libacl1,2.2.52-1
marry,libaether-java,1.13.1-2
marry,libalgorithm-diff-perl,1.19.02-3
marry,libalgorithm-diff-xs-perl,0.04-2build4
marry,libalgorithm-merge-perl,0.08-2
marry,libaopalliance-java,20070526-5
marry,libapache-pom-java,10-2build1
marry,libapparmor-perl,2.8.95~2430-0ubuntu5
marry,libapparmor1,2.8.95~2430-0ubuntu5
marry,libapt-inst1.5,1.0.1ubuntu2.4.1
marry,libapt-pkg4.12,1.0.1ubuntu2.4.1
marry,libarchive-extract-perl,0.70-1
marry,libasan0,4.8.2-19ubuntu1
marry,libasm3-java,3.3.2-2
marry,libasn1-8-heimdal,1.6~git20131207+dfsg-1ubuntu1
marry,libasound2,1.0.27.2-3ubuntu7
marry,libasound2-data,1.0.27.2-3ubuntu7
marry,libaspectj-java,1.6.12+dfsg-3
marry,libasprintf0c2,0.18.3.1-1ubuntu3
marry,libasync-http-client-java,1.6.5-2
marry,libasyncns0,0.8-4ubuntu2
marry,libatasmart4,0.19-3
marry,libatinject-jsr330-api-java,1.0+ds1-1
marry,libatk-bridge2.0-0,2.10.2-2ubuntu1
marry,libatk-wrapper-java,0.30.4-4
marry,libatk-wrapper-java-jni,0.30.4-4
marry,libatk1.0-0,2.10.0-2ubuntu2
marry,libatk1.0-data,2.10.0-2ubuntu2
marry,libatomic1,4.8.2-19ubuntu1
marry,libatspi2.0-0,2.10.2.is.2.10.1-0ubuntu1
marry,libattr1,1:2.4.47-1ubuntu1
marry,libaudit-common,1:2.3.2-2ubuntu1
marry,libaudit1,1:2.3.2-2ubuntu1
marry,libaugeas0,1.2.0-0ubuntu1.1
marry,libavahi-client3,0.6.31-4ubuntu1
marry,libavahi-common-data,0.6.31-4ubuntu1
marry,libavahi-common3,0.6.31-4ubuntu1
marry,libavahi-glib1,0.6.31-4ubuntu1
marry,libavalon-framework-java,4.2.0-9
marry,libbatik-java,1.7.ubuntu-8ubuntu2
marry,libbind9-90,1:9.9.5.dfsg-3
marry,libblkid1,2.20.1-5.1ubuntu20.2
marry,libbonobo2-0,2.32.1-0ubuntu5
marry,libbonobo2-common,2.32.1-0ubuntu5
marry,libboost-iostreams1.54.0,1.54.0-4ubuntu3.1
marry,libbsd0,0.6.0-2ubuntu1
marry,libbsf-java,1:2.4.0-5build1
marry,libbsh-java,2.0b4-15
marry,libbz2-1.0,1.0.6-5
marry,libc-bin,2.19-0ubuntu6.3
marry,libc-dev-bin,2.19-0ubuntu6.3
marry,libc6,2.19-0ubuntu6.3
marry,libc6-dev,2.19-0ubuntu6.3
marry,libcairo-gobject2,1.13.0~20140204-0ubuntu1
marry,libcairo2,1.13.0~20140204-0ubuntu1
marry,libcanberra0,0.30-0ubuntu3
marry,libcap-ng0,0.7.3-1ubuntu2
marry,libcap2,1:2.24-0ubuntu2
marry,libcap2-bin,1:2.24-0ubuntu2
marry,libcdi-api-java,1.0-1
marry,libcglib-java,2.2.2+dfsg-5
marry,libcgmanager0,0.24-0ubuntu7
marry,libck-connector0,0.4.5-3.1ubuntu2
marry,libclass-accessor-perl,0.34-1
marry,libclassworlds-java,1.1-final-5
marry,libcloog-isl4,0.18.2-1
marry,libcolord1,1.0.6-1
marry,libcolorhug1,1.0.6-1
marry,libcomerr2,1.42.9-3ubuntu1
marry,libcommons-beanutils-java,1.9.1-1
marry,libcommons-cli-java,1.2-3ubuntu1
marry,libcommons-codec-java,1.9-1
marry,libcommons-collections3-java,3.2.1-6
marry,libcommons-configuration-java,1.10-1
marry,libcommons-digester-java,1.8.1-4
marry,libcommons-httpclient-java,3.1-10.2
marry,libcommons-io-java,2.4-2
marry,libcommons-jexl2-java,2.1.1-2
marry,libcommons-jxpath-java,1.3-6
marry,libcommons-lang-java,2.6-3ubuntu2
marry,libcommons-logging-java,1.1.3-1
marry,libcommons-net2-java,2.2-2
marry,libcommons-parent-java,22-2build1
marry,libcommons-vfs-java,2.0-3ubuntu1
marry,libcryptsetup4,2:1.6.1-1ubuntu1
marry,libcups2,1.7.2-0ubuntu1.2
marry,libcurl3,7.35.0-1ubuntu2.1
marry,libcurl3-gnutls,7.35.0-1ubuntu2.1
marry,libcwidget3,0.5.16-3.5ubuntu1
marry,libdatrie1,0.2.8-1
marry,libdb5.3,5.3.28-3ubuntu3
marry,libdbus-1-3,1.6.18-0ubuntu4.2
marry,libdbus-glib-1-2,0.100.2-1
marry,libdconf1,0.20.0-1
marry,libdebconfclient0,0.187ubuntu1
marry,libdevmapper1.02.1,2:1.02.77-6ubuntu2
marry,libdns100,1:9.9.5.dfsg-3
marry,libdom4j-java,1.6.1+dfsg.3-2ubuntu1
marry,libdoxia-java,1.1.4-1ubuntu4
marry,libdpkg-perl,1.17.5ubuntu5.3
marry,libdrm-intel1,2.4.52-1
marry,libdrm-nouveau2,2.4.52-1
marry,libdrm-radeon1,2.4.52-1
marry,libdrm2,2.4.52-1
marry,libdumbnet1,1.12-4build1
marry,libeasymock-java,2.5.2+ds-1
marry,libedit2,3.1-20130712-2
marry,libelf1,0.158-0ubuntu5.1
marry,libept1.4.12,1.0.12
marry,liberror-perl,0.17-1.1
marry,libestr0,0.1.9-0ubuntu2
marry,libevent-2.0-5,2.0.21-stable-1ubuntu1
marry,libexif12,0.6.21-1ubuntu1
marry,libexpat1,2.1.0-4ubuntu1
marry,libfakeroot,1.20-3ubuntu2
marry,libffi6,3.1~rc1+r3.0.13-12
marry,libfile-fcntllock-perl,0.14-2build1
marry,libflac8,1.3.0-2
marry,libfontconfig1,2.11.0-0ubuntu4.1
marry,libfontenc1,1:1.1.2-1
marry,libfop-java,1:1.1.dfsg-2ubuntu1
marry,libfreetype6,2.5.2-1ubuntu2.2
marry,libfribidi0,0.19.6-1
marry,libfuse2,2.9.2-4ubuntu4
marry,libganymed-ssh2-java,250-2
marry,libgc1c2,1:7.2d-5ubuntu2
marry,libgcc-4.8-dev,4.8.2-19ubuntu1
marry,libgcc1,1:4.9.1-0ubuntu1
marry,libgck-1-0,3.10.1-1
marry,libgconf-2-4,3.2.6-0ubuntu2
marry,libgconf2-4,3.2.6-0ubuntu2
marry,libgcr-3-common,3.10.1-1
marry,libgcr-base-3-1,3.10.1-1
marry,libgcrypt11,1.5.3-2ubuntu4.1
marry,libgd3,2.1.0-3
marry,libgdbm3,1.8.3-12build1
marry,libgdk-pixbuf2.0-0,2.30.7-0ubuntu1
marry,libgdk-pixbuf2.0-common,2.30.7-0ubuntu1
marry,libgeoip1,1.6.0-1
marry,libgeronimo-interceptor-3.0-spec-java,1.0.1-1fakesync1
marry,libgeronimo-jpa-2.0-spec-java,1.1-2
marry,libgeronimo-osgi-support-java,1.0-2
marry,libgif4,4.1.6-11
marry,libgirepository-1.0-1,1.40.0-1ubuntu0.2
marry,libgl1-mesa-dri,10.1.3-0ubuntu0.1
marry,libgl1-mesa-glx,10.1.3-0ubuntu0.1
marry,libglapi-mesa,10.1.3-0ubuntu0.1
marry,libglib2.0-0,2.40.0-2
marry,libglib2.0-data,2.40.0-2
marry,libgmp10,2:5.1.3+dfsg-1ubuntu1
marry,libgnome2-0,2.32.1-4ubuntu1
marry,libgnome2-bin,2.32.1-4ubuntu1
marry,libgnome2-common,2.32.1-4ubuntu1
marry,libgnomevfs2-0,1:2.24.4-1ubuntu6
marry,libgnomevfs2-common,1:2.24.4-1ubuntu6
marry,libgnutls-openssl27,2.12.23-12ubuntu2.1
marry,libgnutls26,2.12.23-12ubuntu2.1
marry,libgomp1,4.8.2-19ubuntu1
marry,libgpg-error0,1.12-0.2ubuntu1
marry,libgphoto2-6,2.5.3.1-1ubuntu2.2
marry,libgphoto2-l10n,2.5.3.1-1ubuntu2.2
marry,libgphoto2-port10,2.5.3.1-1ubuntu2.2
marry,libgpm2,1.20.4-6.1
marry,libgraphite2-3,1.2.4-1ubuntu1
marry,libgssapi-krb5-2,1.12+dfsg-2ubuntu4.2
marry,libgssapi3-heimdal,1.6~git20131207+dfsg-1ubuntu1
marry,libgssglue1,0.4-2ubuntu1
marry,libgtk-3-0,3.10.8-0ubuntu1.2
marry,libgtk-3-bin,3.10.8-0ubuntu1.2
marry,libgtk-3-common,3.10.8-0ubuntu1.2
marry,libgtk2.0-0,2.24.23-0ubuntu1.1
marry,libgtk2.0-bin,2.24.23-0ubuntu1.1
marry,libgtk2.0-common,2.24.23-0ubuntu1.1
marry,libguava-java,15.0-2ubuntu1
marry,libgudev-1.0-0,1:204-5ubuntu20.7
marry,libguice-java,3.0-3
marry,libgusb2,0.1.6-5
marry,libhamcrest-java,1.3-4
marry,libharfbuzz0b,0.9.27-1ubuntu1
marry,libhcrypto4-heimdal,1.6~git20131207+dfsg-1ubuntu1
marry,libheimbase1-heimdal,1.6~git20131207+dfsg-1ubuntu1
marry,libheimntlm0-heimdal,1.6~git20131207+dfsg-1ubuntu1
marry,libhttpclient-java,4.3.3-1
marry,libhttpcore-java,4.3.2-2
marry,libhx509-5-heimdal,1.6~git20131207+dfsg-1ubuntu1
marry,libice6,2:1.0.8-2
marry,libicu52,52.1-3
marry,libidl-common,0.8.14-0.2ubuntu4
marry,libidl0,0.8.14-0.2ubuntu4
marry,libidn11,1.28-1ubuntu2
marry,libieee1284-3,0.2.11-12
marry,libio-string-perl,1.08-3
marry,libisc95,1:9.9.5.dfsg-3
marry,libisccc90,1:9.9.5.dfsg-3
marry,libisccfg90,1:9.9.5.dfsg-3
marry,libisl10,0.12.2-1
marry,libitext1-java,1.4-5
marry,libitm1,4.8.2-19ubuntu1
marry,libjackrabbit-java,2.3.6-1
marry,libjasper1,1.900.1-14ubuntu3
marry,libjaxen-java,1.1.6-1ubuntu1
marry,libjaxp1.3-java,1.3.05-2ubuntu3
marry,libjbig0,2.0-2ubuntu4.1
marry,libjcommander-java,1.32-1
marry,libjdom1-java,1.1.3-1
marry,libjetty-java,6.1.26-1ubuntu1
marry,libjline-java,1.0-2
marry,libjpeg-turbo8,1.3.0-0ubuntu2
marry,libjpeg8,8c-2ubuntu8
marry,libjs-jquery,1.7.2+dfsg-2ubuntu1
marry,libjsch-java,0.1.50-1ubuntu1
marry,libjson-c2,0.11-3ubuntu1.2
marry,libjson0,0.11-3ubuntu1.2
marry,libjsoup-java,1.7.3-1
marry,libjsr305-java,0.1~+svn49-4
marry,libk5crypto3,1.12+dfsg-2ubuntu4.2
marry,libkeyutils1,1.5.6-1
marry,libklibc,2.0.3-0ubuntu1
marry,libkmod2,15-0ubuntu6
marry,libkrb5-26-heimdal,1.6~git20131207+dfsg-1ubuntu1
marry,libkrb5-3,1.12+dfsg-2ubuntu4.2
marry,libkrb5support0,1.12+dfsg-2ubuntu4.2
marry,liblcms2-2,2.5-0ubuntu4
marry,libldap-2.4-2,2.4.31-1+nmu2ubuntu8
marry,libllvm3.4,1:3.4-1ubuntu3
marry,liblocale-gettext-perl,1.05-7build3
marry,liblockfile-bin,1.09-6ubuntu1
marry,liblockfile1,1.09-6ubuntu1
marry,liblog-message-simple-perl,0.10-1
marry,liblog4j1.2-java,1.2.17-4ubuntu3
marry,libltdl-dev,2.4.2-1.7ubuntu1
marry,libltdl7,2.4.2-1.7ubuntu1
marry,liblwres90,1:9.9.5.dfsg-3
marry,liblzma5,5.1.1alpha+20120614-2ubuntu2
marry,libmagic1,1:5.14-2ubuntu3.2
marry,libmaven-parent-java,21-2
marry,libmaven-scm-java,1.3-5
marry,libmaven2-core-java,2.2.1-14
marry,libmodello-java,1.1-3
marry,libmodule-pluggable-perl,5.1-1
marry,libmount1,2.20.1-5.1ubuntu20.2
marry,libmpc3,1.0.1-1ubuntu1
marry,libmpdec2,2.4.0-6
marry,libmpfr4,3.1.2-1
marry,libncurses5,5.9+20140118-1ubuntu1
marry,libncursesw5,5.9+20140118-1ubuntu1
marry,libnetbeans-cvsclient-java,6.5-2
marry,libnetty-java,1:3.2.6.Final-2
marry,libnewt0.52,0.52.15-2ubuntu5
marry,libnfnetlink0,1.0.1-2
marry,libnfsidmap2,0.25-5
marry,libnih-dbus1,1.0.3-4ubuntu25
marry,libnih1,1.0.3-4ubuntu25
marry,libnspr4,2:4.10.7-0ubuntu0.14.04.1
marry,libnss-myhostname,0.3-6
marry,libnss3,2:3.17.1-0ubuntu0.14.04.1
marry,libnss3-1d,2:3.17.1-0ubuntu0.14.04.1
marry,libnss3-nssdb,2:3.17.1-0ubuntu0.14.04.1
marry,libnuma1,2.0.9~rc5-1ubuntu2
marry,libodbc1,2.2.14p2-5ubuntu5
marry,libogg0,1.3.1-1ubuntu1
marry,libopts25,1:5.18-2ubuntu2
marry,libopts25-dev,1:5.18-2ubuntu2
marry,liborbit-2-0,1:2.14.19-0.3
marry,liborbit2,1:2.14.19-0.3
marry,libosgi-compendium-java,4.3.0-1
marry,libosgi-core-java,4.3.0-4
marry,libosgi-foundation-ee-java,4.2.0-1
marry,libp11-kit0,0.20.2-2ubuntu2
marry,libpam-cap,1:2.24-0ubuntu2
marry,libpam-modules,1.1.8-1ubuntu2
marry,libpam-modules-bin,1.1.8-1ubuntu2
marry,libpam-runtime,1.1.8-1ubuntu2
marry,libpam-systemd,204-5ubuntu20.7
marry,libpam0g,1.1.8-1ubuntu2
marry,libpango-1.0-0,1.36.3-1ubuntu1
marry,libpangocairo-1.0-0,1.36.3-1ubuntu1
marry,libpangoft2-1.0-0,1.36.3-1ubuntu1
marry,libparse-debianchangelog-perl,1.2.0-1ubuntu1
marry,libparted0debian1,2.3-19ubuntu1
marry,libpcap0.8,1.5.3-2
marry,libpci3,1:3.2.1-1ubuntu5
marry,libpciaccess0,0.13.2-1
marry,libpcre3,1:8.31-2ubuntu2
marry,libpcsclite1,1.8.10-1ubuntu1
marry,libpipeline1,1.3.0-1
marry,libpixman-1-0,0.30.2-2ubuntu1
marry,libplexus-ant-factory-java,1.0~alpha2.1-3
marry,libplexus-archiver-java,1.2-1
marry,libplexus-bsh-factory-java,1.0~alpha7-3
marry,libplexus-build-api-java,0.0.4-5
marry,libplexus-cipher-java,1.5-4
marry,libplexus-classworlds-java,1.5.0-5
marry,libplexus-classworlds2-java,2.5.1-2
marry,libplexus-cli-java,1.2-5
marry,libplexus-container-default-java,1.0-alpha-9-stable-1-7
marry,libplexus-containers-java,1.0~beta3.0.7-7
marry,libplexus-containers1.5-java,1.5.5-6
marry,libplexus-i18n-java,1.0-beta-10-3
marry,libplexus-interactivity-api-java,1.0-alpha-6-7
marry,libplexus-interpolation-java,1.19-1
marry,libplexus-io-java,1.0~alpha5-2
marry,libplexus-sec-dispatcher-java,1.3.1-6
marry,libplexus-utils-java,1:1.5.15-4
marry,libplexus-utils2-java,2.0.5-1
marry,libplymouth2,0.8.8-0ubuntu17
marry,libpng12-0,1.2.50-1ubuntu2
marry,libpod-latex-perl,0.61-1
marry,libpolkit-agent-1-0,0.105-4ubuntu2
marry,libpolkit-backend-1-0,0.105-4ubuntu2
marry,libpolkit-gobject-1-0,0.105-4ubuntu2
marry,libpopt0,1.16-8ubuntu1
marry,libprocps3,1:3.3.9-1ubuntu2
marry,libpulse0,1:4.0-0ubuntu11
marry,libpython-stdlib,2.7.5-5ubuntu3
marry,libpython2.7,2.7.6-8
marry,libpython2.7-minimal,2.7.6-8
marry,libpython2.7-stdlib,2.7.6-8
marry,libpython3-stdlib,3.4.0-0ubuntu2
marry,libpython3.4-minimal,3.4.0-2ubuntu1
marry,libpython3.4-stdlib,3.4.0-2ubuntu1
marry,libqdox-java,1.12-1build1
marry,libquadmath0,4.8.2-19ubuntu1
marry,libreadline6,6.3-4ubuntu2
marry,libregexp-java,1.5-3build1
marry,librhino-java,1.7R4-2
marry,libroken18-heimdal,1.6~git20131207+dfsg-1ubuntu1
marry,librtmp0,2.4+20121230.gitdf6c518-1
marry,libruby1.9.1,1.9.3.484-2ubuntu1
marry,libsane,1.0.23-3ubuntu3.1
marry,libsane-common,1.0.23-3ubuntu3.1
marry,libsasl2-2,2.1.25.dfsg1-17build1
marry,libsasl2-modules,2.1.25.dfsg1-17build1
marry,libsasl2-modules-db,2.1.25.dfsg1-17build1
marry,libsaxon-java,1:6.5.5-10
marry,libsctp1,1.0.15+dfsg-1
marry,libsecret-1-0,0.16-0ubuntu1
marry,libsecret-common,0.16-0ubuntu1
marry,libselinux1,2.2.2-1ubuntu0.1
marry,libsemanage-common,2.2-1
marry,libsemanage1,2.2-1
marry,libsepol1,2.2-1
marry,libservlet2.5-java,6.0.39-1
marry,libservlet3.0-java,7.0.52-1ubuntu0.1
marry,libsigc++-2.0-0c2a,2.2.10-0.2ubuntu2
marry,libsigsegv2,2.10-2
marry,libsisu-guice-java,3.1.1+dfsg-1
marry,libsisu-ioc-java,2.3.0-5
marry,libslang2,2.2.4-15ubuntu1
marry,libslf4j-java,1.7.5-2
marry,libsm6,2:1.2.1-2
marry,libsndfile1,1.0.25-7ubuntu2
marry,libsqlite3-0,3.8.2-1ubuntu2
marry,libss2,1.42.9-3ubuntu1
marry,libssl1.0.0,1.0.1f-1ubuntu2.5
marry,libstdc++-4.8-dev,4.8.2-19ubuntu1
marry,libstdc++6,4.8.2-19ubuntu1
marry,libsub-name-perl,0.05-1build4
marry,libsystemd-daemon0,204-5ubuntu20.7
marry,libsystemd-login0,204-5ubuntu20.7
marry,libtasn1-6,3.4-3ubuntu0.1
marry,libtdb1,1.2.12-1
marry,libterm-ui-perl,0.42-1
marry,libtext-charwidth-perl,0.04-7build3
marry,libtext-iconv-perl,1.7-5build2
marry,libtext-soundex-perl,3.4-1build1
marry,libtext-wrapi18n-perl,0.06-7
marry,libthai-data,0.1.20-3
marry,libthai0,0.1.20-3
marry,libtiff5,4.0.3-7ubuntu0.1
marry,libtimedate-perl,2.3000-1
marry,libtinfo5,5.9+20140118-1ubuntu1
marry,libtirpc1,0.2.2-5ubuntu2
marry,libtool,2.4.2-1.7ubuntu1
marry,libtsan0,4.8.2-19ubuntu1
marry,libtxc-dxtn-s2tc0,0~git20131104-1.1
marry,libudev1,204-5ubuntu20.7
marry,libudisks2-0,2.1.3-1
marry,libunistring0,0.9.3-5ubuntu3
marry,libusb-0.1-4,2:0.1.12-23.3ubuntu1
marry,libusb-1.0-0,2:1.0.17-1ubuntu2
marry,libustr-1.0-1,1.0.4-3ubuntu2
marry,libuuid1,2.20.1-5.1ubuntu20.2
marry,libv4l-0,1.0.1-1
marry,libv4lconvert0,1.0.1-1
marry,libvorbis0a,1.3.2-1.3ubuntu1
marry,libvorbisenc2,1.3.2-1.3ubuntu1
marry,libvorbisfile3,1.3.2-1.3ubuntu1
marry,libvpx1,1.3.0-2
marry,libwagon-java,1.0.0-2ubuntu2
marry,libwagon2-java,2.5-1
marry,libwayland-client0,1.4.0-1ubuntu1
marry,libwayland-cursor0,1.4.0-1ubuntu1
marry,libwind0-heimdal,1.6~git20131207+dfsg-1ubuntu1
marry,libwrap0,7.6.q-25
marry,libx11-6,2:1.6.2-1ubuntu2
marry,libx11-data,2:1.6.2-1ubuntu2
marry,libx11-xcb1,2:1.6.2-1ubuntu2
marry,libxalan2-java,2.7.1-9
marry,libxapian22,1.2.16-2ubuntu1
marry,libxau6,1:1.0.8-1
marry,libxaw7,2:1.0.12-1
marry,libxbean-java,3.7-5
marry,libxcb-dri2-0,1.10-2ubuntu1
marry,libxcb-dri3-0,1.10-2ubuntu1
marry,libxcb-glx0,1.10-2ubuntu1
marry,libxcb-present0,1.10-2ubuntu1
marry,libxcb-render0,1.10-2ubuntu1
marry,libxcb-shape0,1.10-2ubuntu1
marry,libxcb-shm0,1.10-2ubuntu1
marry,libxcb-sync1,1.10-2ubuntu1
marry,libxcb1,1.10-2ubuntu1
marry,libxcomposite1,1:0.4.4-1
marry,libxcursor1,1:1.1.14-1
marry,libxdamage1,1:1.1.4-1ubuntu1
marry,libxdmcp6,1:1.1.1-1
marry,libxerces2-java,2.11.0-7
marry,libxext6,2:1.3.2-1
marry,libxfixes3,1:5.0.1-1ubuntu1
marry,libxfont1,1:1.4.7-1ubuntu0.1
marry,libxft2,2.3.1-2
marry,libxi6,2:1.7.1.901-1ubuntu1
marry,libxinerama1,2:1.1.3-1
marry,libxkbcommon0,0.4.1-0ubuntu1
marry,libxkbfile1,1:1.0.8-1
marry,libxml-commons-external-java,1.4.01-2build1
marry,libxml-commons-resolver1.1-java,1.2-7build1
marry,libxml2,2.9.1+dfsg1-3ubuntu4.3
marry,libxmlgraphics-commons-java,1.5-4ubuntu1
marry,libxmu6,2:1.1.1-1
marry,libxmuu1,2:1.1.1-1
marry,libxom-java,1.2.10-1
marry,libxpm4,1:3.5.10-1
marry,libxpp2-java,2.1.10-7build1
marry,libxpp3-java,1.1.4c-2build1
marry,libxrandr2,2:1.4.2-1
marry,libxrender1,1:0.9.8-1
marry,libxshmfence1,1.1-2
marry,libxt6,1:1.1.4-1
marry,libxtables10,1.4.21-1ubuntu1
marry,libxtst6,2:1.2.2-1
marry,libxv1,2:1.0.10-1
marry,libxxf86dga1,2:1.1.4-1
marry,libxxf86vm1,1:1.1.3-1
marry,libyaml-0-2,0.1.4-3ubuntu3
marry,libyaml-snake-java,1.12-2
marry,linux-headers-3.13.0-36,3.13.0-36.63
marry,linux-headers-3.13.0-36-generic,3.13.0-36.63
marry,linux-headers-generic,3.13.0.36.43
marry,linux-headers-virtual,3.13.0.36.43
marry,linux-image-3.13.0-36-generic,3.13.0-36.63
marry,linux-image-virtual,3.13.0.36.43
marry,linux-libc-dev,3.13.0-36.63
marry,linux-virtual,3.13.0.36.43
marry,lksctp-tools,1.0.15+dfsg-1
marry,locales,2.13+git20120306-12.1
marry,lockfile-progs,0.1.17
marry,login,1:4.1.5.1-1ubuntu9
marry,logrotate,3.8.7-1ubuntu1
marry,lsb-base,4.1+Debian11ubuntu6
marry,lsb-release,4.1+Debian11ubuntu6
marry,lshw,02.16-2ubuntu1
marry,lsof,4.86+dfsg-1ubuntu2
marry,ltrace,0.7.3-4ubuntu5.1
marry,m4,1.4.17-2ubuntu1
marry,make,3.81-8.2ubuntu3
marry,makedev,2.3.1-93ubuntu1
marry,man-db,2.6.7.1-1ubuntu1
marry,manpages,3.54-1ubuntu1
marry,manpages-dev,3.54-1ubuntu1
marry,maven,3.0.5-1
marry,mawk,1.3.3-17ubuntu2
marry,mime-support,3.54ubuntu1
marry,mlocate,0.26-1ubuntu1
marry,module-init-tools,15-0ubuntu6
marry,mount,2.20.1-5.1ubuntu20.2
marry,mountall,2.53
marry,mtr-tiny,0.85-2
marry,multiarch-support,2.19-0ubuntu6.3
marry,nano,2.2.6-1ubuntu1
marry,ncurses-base,5.9+20140118-1ubuntu1
marry,ncurses-bin,5.9+20140118-1ubuntu1
marry,ncurses-term,5.9+20140118-1ubuntu1
marry,net-tools,1.60-25ubuntu2.1
marry,netbase,5.2
marry,netcat-openbsd,1.105-7ubuntu1
marry,nfs-common,1:1.2.8-6ubuntu1.1
marry,ntfs-3g,1:2013.1.13AR.1-2ubuntu2
marry,ntp,1:4.2.6.p5+dfsg-3ubuntu2
marry,ntpdate,1:4.2.6.p5+dfsg-3ubuntu2
marry,ohai,6.14.0-2
marry,open-vm-tools,2:9.4.0-1280544-5ubuntu6.2
marry,openjdk-7-jre,7u65-2.5.2-3~14.04
marry,openjdk-7-jre-headless,7u65-2.5.2-3~14.04
marry,openssh-client,1:6.6p1-2ubuntu2
marry,openssh-server,1:6.6p1-2ubuntu2
marry,openssh-sftp-server,1:6.6p1-2ubuntu2
marry,openssl,1.0.1f-1ubuntu2.5
marry,os-prober,1.63ubuntu1
marry,overlayroot,0.25ubuntu1
marry,parted,2.3-19ubuntu1
marry,passwd,1:4.1.5.1-1ubuntu9
marry,patch,2.7.1-4ubuntu1
marry,pciutils,1:3.2.1-1ubuntu5
marry,perl,5.18.2-2ubuntu1
marry,perl-base,5.18.2-2ubuntu1
marry,perl-modules,5.18.2-2ubuntu1
marry,plymouth,0.8.8-0ubuntu17
marry,plymouth-theme-ubuntu-text,0.8.8-0ubuntu17
marry,policykit-1,0.105-4ubuntu2
marry,policykit-1-gnome,0.105-1ubuntu4
marry,pollinate,4.7-0ubuntu1
marry,popularity-contest,1.57ubuntu1
marry,powermgmt-base,1.31build1
marry,ppp,2.4.5-5.1ubuntu2
marry,pppconfig,2.3.19ubuntu1
marry,pppoeconf,1.20ubuntu1
marry,procps,1:3.3.9-1ubuntu2
marry,psmisc,22.20-1ubuntu2
marry,puppet,3.4.3-1
marry,puppet-common,3.4.3-1
marry,python,2.7.5-5ubuntu3
marry,python-apport,2.14.1-0ubuntu3.5
marry,python-apt,0.9.3.5
marry,python-apt-common,0.9.3.5
marry,python-chardet,2.0.1-2build2
marry,python-cheetah,2.4.4-3.fakesyncbuild1
marry,python-configobj,4.7.2+ds-5build1
marry,python-crypto,2.6.1-4build1
marry,python-dbus,1.2.0-2build2
marry,python-dbus-dev,1.2.0-2build2
marry,python-debian,0.1.21+nmu2ubuntu2
marry,python-gdbm,2.7.5-1ubuntu1
marry,python-gi,3.12.0-1ubuntu1
marry,python-httplib2,0.8-2build1
marry,python-json-pointer,1.0-2build1
marry,python-jsonpatch,1.3-4
marry,python-keyring,3.5-1
marry,python-launchpadlib,1.10.2+ds-2
marry,python-lazr.restfulclient,0.13.3-1build1
marry,python-lazr.uri,1.0.3-1build1
marry,python-meld3,0.6.10-1
marry,python-minimal,2.7.5-5ubuntu3
marry,python-oauth,1.0.1-3build2
marry,python-openssl,0.13-2ubuntu6
marry,python-pam,0.4.2-13.1ubuntu3
marry,python-pkg-resources,3.3-1ubuntu1
marry,python-prettytable,0.7.2-2ubuntu2
marry,python-problem-report,2.14.1-0ubuntu3.5
marry,python-pycurl,7.19.3-0ubuntu3
marry,python-requests,2.2.1-1
marry,python-secretstorage,2.0.0-1ubuntu1.1
marry,python-serial,2.6-1build1
marry,python-simplejson,3.3.1-1ubuntu6
marry,python-six,1.5.2-1
marry,python-support,1.0.15
marry,python-twisted-bin,13.2.0-1ubuntu1
marry,python-twisted-core,13.2.0-1ubuntu1
marry,python-twisted-names,13.2.0-1ubuntu1
marry,python-twisted-web,13.2.0-1ubuntu1
marry,python-urllib3,1.7.1-1build1
marry,python-wadllib,1.3.2-2build1
marry,python-xapian,1.2.16-2ubuntu1
marry,python-yaml,3.10-4build4
marry,python-zope.interface,4.0.5-1ubuntu4
marry,python2.7,2.7.6-8
marry,python2.7-minimal,2.7.6-8
marry,python3,3.4.0-0ubuntu2
marry,python3-apport,2.14.1-0ubuntu3.5
marry,python3-apt,0.9.3.5
marry,python3-commandnotfound,0.3ubuntu12
marry,python3-dbus,1.2.0-2build2
marry,python3-distupgrade,1:0.220.5
marry,python3-gdbm,3.4.0-0ubuntu1
marry,python3-gi,3.12.0-1ubuntu1
marry,python3-minimal,3.4.0-0ubuntu2
marry,python3-newt,0.52.15-2ubuntu5
marry,python3-problem-report,2.14.1-0ubuntu3.5
marry,python3-pycurl,7.19.3-0ubuntu3
marry,python3-software-properties,0.92.37.1
marry,python3-update-manager,1:0.196.12
marry,python3.4,3.4.0-2ubuntu1
marry,python3.4-minimal,3.4.0-2ubuntu1
marry,rabbitmq-server,3.1.5-1
marry,readline-common,6.3-4ubuntu2
marry,resolvconf,1.69ubuntu1.1
marry,rhino,1.7R4-2
marry,rpcbind,0.2.1-2ubuntu2.1
marry,rsync,3.1.0-2ubuntu0.1
marry,rsyslog,7.4.4-1ubuntu2.1
marry,ruby,1:1.9.3.4
marry,ruby-augeas,0.5.0-2
marry,ruby-diff-lcs,1.2.4-1
marry,ruby-erubis,2.7.0-2
marry,ruby-hashie,2.0.3-1
marry,ruby-hiera,1.3.0-1
marry,ruby-highline,1.6.20-1
marry,ruby-ipaddress,0.8.0-2
marry,ruby-json,1.8.0-1build1
marry,ruby-mime-types,1.25-1
marry,ruby-mixlib-authentication,1.3.0-1
marry,ruby-mixlib-cli,1.4.0-1
marry,ruby-mixlib-config,2.1.0-1
marry,ruby-mixlib-log,1.4.1-1
marry,ruby-mixlib-shellout,1.3.0-1
marry,ruby-net-ssh,1:2.6.8-1
marry,ruby-net-ssh-gateway,1.2.0-1
marry,ruby-net-ssh-multi,1.2.0-1
marry,ruby-rack,1.5.2-1
marry,ruby-rest-client,1.6.7-4
marry,ruby-rgen,0.6.6-1
marry,ruby-safe-yaml,1.0.1-1
marry,ruby-shadow,2.2.0-1
marry,ruby-sigar,0.7.2-2
marry,ruby-systemu,2.6.0-1
marry,ruby-yajl,1.2.0-1
marry,ruby1.9.1,1.9.3.484-2ubuntu1
marry,run-one,1.17-0ubuntu1
marry,runit,2.1.1-6.2ubuntu3
marry,screen,4.1.0~20120320gitdb59704-9
marry,sed,4.2.2-4ubuntu1
marry,sensible-utils,0.0.9
marry,sgml-base,1.26+nmu4ubuntu1
marry,shared-mime-info,1.2-0ubuntu3
marry,software-properties-common,0.92.37.1
marry,sound-theme-freedesktop,0.8-1
marry,ssh-import-id,3.21-0ubuntu1
marry,strace,4.8-1ubuntu5
marry,sudo,1.8.9p5-1ubuntu1
marry,supervisor,3.0b2-1
marry,systemd-services,204-5ubuntu20.7
marry,systemd-shim,6-2bzr1
marry,sysv-rc,2.88dsf-41ubuntu6
marry,sysvinit-utils,2.88dsf-41ubuntu6
marry,tar,1.27.1-1
marry,tasksel,2.88ubuntu15
marry,tasksel-data,2.88ubuntu15
marry,tcpd,7.6.q-25
marry,tcpdump,4.5.1-2ubuntu1
marry,telnet,0.17-36build2
marry,testng,6.8.7-2
marry,time,1.7-24
marry,tmux,1.8-5
marry,tzdata,2014e-0ubuntu0.14.04
marry,tzdata-java,2014e-0ubuntu0.14.04
marry,ubuntu-keyring,2012.05.19
marry,ubuntu-minimal,1.325
marry,ubuntu-release-upgrader-core,1:0.220.5
marry,ubuntu-standard,1.325
marry,ucf,3.0027+nmu1
marry,udev,204-5ubuntu20.7
marry,udisks2,2.1.3-1
marry,ufw,0.34~rc-0ubuntu2
marry,unattended-upgrades,0.82.1ubuntu2
marry,unzip,6.0-9ubuntu1
marry,update-manager-core,1:0.196.12
marry,update-notifier-common,0.154.1
marry,upstart,1.12.1-0ubuntu4.2
marry,ureadahead,0.100.0-16
marry,usbutils,1:007-2ubuntu1
marry,util-linux,2.20.1-5.1ubuntu20.2
marry,uuid-runtime,2.20.1-5.1ubuntu20.2
marry,vim,2:7.4.052-1ubuntu3
marry,vim-common,2:7.4.052-1ubuntu3
marry,vim-runtime,2:7.4.052-1ubuntu3
marry,vim-tiny,2:7.4.052-1ubuntu3
marry,virtualbox-guest-dkms,4.3.10-dfsg-1
marry,virtualbox-guest-utils,4.3.10-dfsg-1
marry,virtualbox-guest-x11,4.3.10-dfsg-1
marry,w3m,0.5.3-15
marry,wget,1.15-1ubuntu1
marry,whiptail,0.52.15-2ubuntu5
marry,x11-common,1:7.7+1ubuntu8
marry,x11-utils,7.7+1
marry,x11-xkb-utils,7.7+1
marry,xauth,1:1.0.7-1ubuntu1
marry,xfonts-base,1:1.0.3
marry,xfonts-encodings,1:1.0.4-1ubuntu1
marry,xfonts-utils,1:7.7+1
marry,xkb-data,2.10.1-1ubuntu1
marry,xml-core,0.13+nmu2
marry,xserver-common,2:1.15.1-0ubuntu2.1
marry,xserver-xorg-core,2:1.15.1-0ubuntu2.1
marry,xz-utils,5.1.1alpha+20120614-2ubuntu2
marry,zerofree,1.0.2-1ubuntu1
marry,zlib1g,1:1.2.8.dfsg-1ubuntu1
